{"reference": "J7", "proportionalOutlinePath": [[0.5741666666666667, 0.22583333333333333], [0.5733333333333334, 0.2275], [0.5733333333333334, 0.23], [0.575, 0.2325], [0.5783333333333334, 0.23583333333333334], [0.5816666666666667, 0.24], [0.5841666666666666, 0.24333333333333335], [0.5841666666666666, 0.245], [0.5825, 0.2475], [0.5816666666666667, 0.25], [0.5816666666666667, 0.25333333333333335], [0.5833333333333334, 0.25583333333333336], [0.5866666666666667, 0.26], [0.5883333333333334, 0.2608333333333333], [0.5908333333333333, 0.2608333333333333], [0.5958333333333333, 0.2625], [0.6025, 0.2625], [0.6025, 0.25916666666666666], [0.6016666666666667, 0.2575], [0.5991666666666666, 0.25416666666666665], [0.5958333333333333, 0.25], [0.5925, 0.24666666666666667], [0.59, 0.24333333333333335], [0.5866666666666667, 0.23916666666666667], [0.5866666666666667, 0.23583333333333334], [0.585, 0.23333333333333334], [0.5825, 0.23], [0.5791666666666667, 0.22583333333333333]], "additionalOutlinePaths": [[[0.5808333333333333, 0.21], [0.5808333333333333, 0.21416666666666667], [0.5816666666666667, 0.21583333333333332], [0.5841666666666666, 0.21916666666666668], [0.5875, 0.22333333333333333], [0.59, 0.22666666666666666], [0.5916666666666667, 0.22666666666666666], [0.5925, 0.225], [0.5933333333333334, 0.2225], [0.5933333333333334, 0.21916666666666668], [0.5908333333333333, 0.21583333333333332], [0.5883333333333334, 0.2125], [0.5858333333333333, 0.21], [0.5841666666666666, 0.20916666666666667]], [[0.5875, 0.19416666666666665], [0.5875, 0.1975], [0.5883333333333334, 0.19916666666666666], [0.5908333333333333, 0.2025], [0.5933333333333334, 0.20583333333333334], [0.595, 0.20833333333333334], [0.5983333333333334, 0.21083333333333334], [0.5991666666666666, 0.20916666666666667], [0.6, 0.2075], [0.6, 0.20333333333333334], [0.5991666666666666, 0.20166666666666666], [0.5975, 0.19916666666666666], [0.595, 0.19583333333333333], [0.5925, 0.19333333333333333]], [[0.595, 0.17666666666666667], [0.5941666666666666, 0.17833333333333334], [0.5941666666666666, 0.18166666666666667], [0.5966666666666667, 0.185], [0.5983333333333334, 0.1875], [0.6008333333333333, 0.19083333333333333], [0.6033333333333334, 0.19416666666666665], [0.6058333333333333, 0.19333333333333333], [0.6066666666666667, 0.19166666666666668], [0.6075, 0.18916666666666668], [0.6075, 0.1875], [0.605, 0.18416666666666667], [0.6033333333333334, 0.18166666666666667], [0.6008333333333333, 0.17916666666666667], [0.5983333333333334, 0.17666666666666667]], [[0.6016666666666667, 0.16083333333333333], [0.6008333333333333, 0.16333333333333333], [0.6008333333333333, 0.165], [0.6025, 0.1675], [0.6041666666666666, 0.16916666666666666], [0.6066666666666667, 0.17333333333333334], [0.6083333333333333, 0.17583333333333334], [0.61, 0.17833333333333334], [0.6125, 0.1775], [0.6125, 0.17583333333333334], [0.6141666666666666, 0.17333333333333334], [0.6141666666666666, 0.17166666666666666], [0.6125, 0.16916666666666666], [0.6108333333333333, 0.16666666666666666], [0.6091666666666666, 0.16416666666666666], [0.6075, 0.16166666666666665]], [[0.6083333333333333, 0.145], [0.6083333333333333, 0.15], [0.61, 0.1525], [0.6116666666666667, 0.155], [0.6133333333333333, 0.1575], [0.6158333333333333, 0.16083333333333333], [0.6191666666666666, 0.16166666666666665], [0.62, 0.16], [0.6208333333333333, 0.1575], [0.6208333333333333, 0.15583333333333332], [0.62, 0.15416666666666667], [0.6183333333333333, 0.1525], [0.6166666666666667, 0.14916666666666667], [0.615, 0.14666666666666667], [0.6133333333333333, 0.145], [0.6116666666666667, 0.14416666666666667]]], "componentId": "wurth-elektronik-61300611121"}